subjects	temperature	ratings_intensity	ratings_unpleasantness	regulation
1	46	21.77419355	46.37096774	-1
1	45	4.838709677	53.42741935	-1
1	47	11.69354839	45.56451613	-1
1	48	26.61290323	38.30645161	-1
1	44	3.225806452	50	-1
1	49	47.17741935	33.66935484	-1
1	48	27.82258065	31.4516129	1
1	49	32.66129032	26.81451613	1
1	46	6.451612903	47.58064516	1
1	47	25.40322581	41.93548387	1
1	45	4.435483871	48.18548387	1
1	44	2.822580645	50	1
1	45	4.032258065	52.82258065	0
1	48	18.5483871	44.15322581	0
1	46	9.677419355	47.17741935	0
1	44	4.032258065	60.48387097	0
1	49	38.70967742	33.06451613	0
1	47	33.06451613	39.51612903	0
1	49	53.22580645	28.22580645	1
1	44	6.048387097	46.37096774	1
1	48	37.90322581	30.04032258	1
1	45	12.5	40.12096774	1
1	46	22.98387097	37.09677419	1
1	47	25.40322581	33.26612903	1
1	49	22.17741935	35.08064516	-1
1	46	8.064516129	46.57258065	-1
1	48	13.30645161	42.74193548	-1
1	45	0	51.20967742	-1
1	47	5.64516129	47.98387097	-1
1	44	0	50	-1
1	48	22.98387097	44.55645161	0
1	47	29.03225806	44.15322581	0
1	45	7.258064516	50	0
1	46	5.241935484	49.59677419	0
1	49	35.88709677	29.63709677	0
1	44	4.838709677	50	0
1	48	20.56451613	47.98387097	0
1	47	20.56451613	48.79032258	0
1	45	2.822580645	50	0
1	44	0.806451613	56.85483871	0
1	46	6.048387097	48.99193548	0
1	49	50	35.48387097	0
1	47	12.5	51.41129032	-1
1	46	7.661290323	49.39516129	-1
1	48	27.82258065	46.37096774	-1
1	49	47.58064516	37.09677419	-1
1	45	7.661290323	59.07258065	-1
1	44	3.225806452	56.85483871	-1
1	46	6.451612903	46.77419355	1
1	47	31.4516129	36.69354839	1
1	49	52.41935484	19.75806452	1
1	44	4.032258065	50	1
1	45	4.435483871	43.9516129	1
1	48	44.75806452	33.26612903	1
2	47	12.90322581	45.16129032	-1
2	45	4.838709677	48.99193548	-1
2	44	3.225806452	49.7983871	-1
2	48	15.72580645	43.5483871	-1
2	46	6.451612903	47.17741935	-1
2	49	26.61290323	38.30645161	-1
2	45	2.822580645	49.7983871	0
2	44	6.451612903	48.79032258	0
2	49	43.5483871	31.0483871	0
2	47	29.83870968	40.52419355	0
2	48	49.59677419	33.66935484	0
2	46	8.870967742	45.76612903	0
2	48	31.85483871	29.63709677	1
2	44	12.90322581	43.14516129	1
2	45	9.677419355	46.16935484	1
2	49	54.03225806	31.25	1
2	46	29.43548387	40.12096774	1
2	47	38.70967742	35.68548387	1
2	44	6.451612903	47.98387097	1
2	48	24.59677419	39.71774194	1
2	47	33.46774194	36.29032258	1
2	45	9.677419355	44.55645161	1
2	46	17.33870968	44.95967742	1
2	49	45.16129032	30.64516129	1
2	46	5.241935484	48.99193548	0
2	44	5.64516129	49.7983871	0
2	48	25	42.54032258	0
2	49	45.16129032	32.05645161	0
2	47	19.75806452	44.35483871	0
2	45	5.64516129	49.39516129	0
2	44	4.435483871	49.19354839	-1
2	49	26.20967742	38.70967742	-1
2	45	8.064516129	46.57258065	-1
2	47	18.14516129	44.95967742	-1
2	46	8.467741935	46.37096774	-1
2	48	27.82258065	40.32258065	-1
2	49	33.87096774	35.68548387	1
2	45	7.258064516	46.77419355	1
2	48	26.61290323	38.70967742	1
2	47	28.62903226	41.12903226	1
2	46	12.09677419	45.96774194	1
2	44	2.822580645	50	1
2	46	5.241935484	50	-1
2	48	17.33870968	43.5483871	-1
2	44	4.838709677	50	-1
2	45	4.838709677	48.99193548	-1
2	47	16.93548387	44.75806452	-1
2	49	33.46774194	35.28225806	-1
2	47	14.51612903	44.15322581	0
2	44	4.838709677	49.19354839	0
2	45	11.29032258	47.98387097	0
2	49	38.30645161	36.69354839	0
2	48	38.70967742	32.05645161	0
2	46	16.93548387	46.37096774	0
3	45	14.51612903	66.33064516	0
3	46	22.58064516	57.05645161	0
3	44	11.69354839	53.22580645	0
3	48	43.9516129	46.37096774	0
3	47	40.32258065	46.57258065	0
3	49	68.5483871	37.2983871	0
3	46	21.37096774	44.35483871	1
3	44	6.048387097	47.37903226	1
3	49	61.29032258	27.62096774	1
3	47	28.22580645	42.94354839	1
3	45	14.91935484	46.37096774	1
3	48	34.27419355	37.5	1
3	47	12.09677419	46.77419355	-1
3	44	3.629032258	53.42741935	-1
3	45	4.838709677	57.86290323	-1
3	46	12.90322581	56.65322581	-1
3	49	19.35483871	49.19354839	-1
3	48	21.37096774	48.58870968	-1
3	45	6.048387097	53.22580645	-1
3	48	14.91935484	49.39516129	-1
3	49	39.91935484	46.16935484	-1
3	47	6.451612903	50	-1
3	46	12.5	54.03225806	-1
3	44	0.806451613	51.20967742	-1
3	49	29.83870968	43.5483871	1
3	47	18.5483871	43.9516129	1
3	45	6.451612903	50	1
3	44	2.419354839	50.80645161	1
3	48	43.9516129	36.89516129	1
3	46	23.38709677	47.78225806	1
3	49	47.58064516	33.66935484	0
3	45	5.241935484	57.05645161	0
3	48	46.77419355	37.7016129	0
3	44	0.403225806	65.92741935	0
3	47	26.61290323	43.34677419	0
3	46	13.70967742	54.83870968	0
3	44	0	50	-1
3	48	15.72580645	53.62903226	-1
3	49	50.40322581	45.96774194	-1
3	46	10.48387097	52.21774194	-1
3	45	3.225806452	52.01612903	-1
3	47	11.69354839	48.38709677	-1
3	44	0	50	0
3	49	56.4516129	34.27419355	0
3	46	3.225806452	55.64516129	0
3	45	2.822580645	53.83064516	0
3	47	24.59677419	42.94354839	0
3	48	51.20967742	31.65322581	0
3	45	2.822580645	53.62903226	1
3	44	2.419354839	52.01612903	1
3	49	52.82258065	35.88709677	1
3	46	3.629032258	49.39516129	1
3	47	13.30645161	52.82258065	1
3	48	27.41935484	48.38709677	1
4	46	4.838709677	46.77419355	1
4	47	8.870967742	48.18548387	1
4	48	14.51612903	41.33064516	1
4	45	4.435483871	48.58870968	1
4	49	22.58064516	40.52419355	1
4	44	9.274193548	47.17741935	1
4	45	11.29032258	49.19354839	-1
4	44	6.85483871	49.19354839	-1
4	46	8.467741935	46.77419355	-1
4	47	6.048387097	48.79032258	-1
4	49	14.51612903	47.17741935	-1
4	48	5.64516129	47.37903226	-1
4	47	13.30645161	49.7983871	0
4	44	6.451612903	51.81451613	0
4	46	14.11290323	48.38709677	0
4	48	19.75806452	45.96774194	0
4	45	9.677419355	50.60483871	0
4	49	23.38709677	43.5483871	0
4	46	12.09677419	45.56451613	0
4	44	6.85483871	48.58870968	0
4	49	33.46774194	38.10483871	0
4	48	23.79032258	38.50806452	0
4	45	13.30645161	46.77419355	0
4	47	12.90322581	47.17741935	0
4	48	26.20967742	43.5483871	-1
4	47	14.51612903	47.78225806	-1
4	45	4.032258065	49.39516129	-1
4	49	26.61290323	44.35483871	-1
4	46	3.629032258	49.7983871	-1
4	44	0	50	-1
4	45	6.85483871	46.97580645	1
4	44	4.838709677	50	1
4	49	26.20967742	38.10483871	1
4	47	17.74193548	42.13709677	1
4	46	12.09677419	45.56451613	1
4	48	22.98387097	38.50806452	1
4	49	31.0483871	46.37096774	0
4	44	9.274193548	50	0
4	47	21.37096774	46.57258065	0
4	45	15.72580645	46.77419355	0
4	46	8.467741935	46.97580645	0
4	48	27.41935484	41.93548387	0
4	45	6.451612903	50	1
4	47	12.5	44.95967742	1
4	48	15.72580645	47.17741935	1
4	49	22.98387097	38.50806452	1
4	46	8.870967742	46.57258065	1
4	44	6.048387097	50	1
4	48	23.38709677	44.75806452	-1
4	46	14.91935484	48.18548387	-1
4	49	23.79032258	44.75806452	-1
4	47	16.53225806	45.96774194	-1
4	45	5.64516129	50	-1
4	44	6.85483871	50	-1
5	48	43.14516129	30.24193548	0
5	46	36.29032258	34.87903226	0
5	45	15.72580645	50	0
5	47	35.88709677	34.67741935	0
5	44	19.75806452	54.03225806	0
5	49	49.59677419	33.87096774	0
5	46	22.17741935	50	-1
5	44	17.74193548	55.84677419	-1
5	45	6.048387097	50	-1
5	48	25.80645161	44.15322581	-1
5	47	24.19354839	43.14516129	-1
5	49	35.48387097	45.16129032	-1
5	47	12.90322581	47.37903226	1
5	44	2.822580645	50	1
5	45	2.419354839	49.59677419	1
5	48	17.33870968	43.14516129	1
5	49	21.37096774	41.53225806	1
5	46	13.30645161	44.35483871	1
5	44	10.48387097	52.62096774	-1
5	46	15.72580645	50	-1
5	45	7.258064516	52.62096774	-1
5	47	20.56451613	46.77419355	-1
5	49	40.72580645	36.89516129	-1
5	48	28.62903226	41.73387097	-1
5	46	14.91935484	52.21774194	0
5	45	13.30645161	49.59677419	0
5	44	20.16129032	49.39516129	0
5	47	26.61290323	44.35483871	0
5	48	27.41935484	41.53225806	0
5	49	45.16129032	33.66935484	0
5	47	19.35483871	45.16129032	1
5	46	20.56451613	43.75	1
5	44	6.85483871	47.58064516	1
5	49	52.41935484	28.83064516	1
5	48	41.93548387	35.88709677	1
5	45	26.20967742	42.54032258	1
5	48	22.58064516	45.96774194	1
5	45	10.08064516	50	1
5	49	50.40322581	34.87903226	1
5	46	36.69354839	47.78225806	1
5	47	23.38709677	45.76612903	1
5	44	6.048387097	50	1
5	46	15.32258065	55.44354839	0
5	49	37.90322581	35.48387097	0
5	48	25.80645161	43.5483871	0
5	45	9.274193548	50	0
5	44	2.822580645	50	0
5	47	12.09677419	49.19354839	0
5	49	35.48387097	43.34677419	-1
5	45	18.14516129	50	-1
5	47	20.16129032	50	-1
5	46	12.09677419	50	-1
5	44	4.838709677	50	-1
5	48	49.19354839	46.77419355	-1
6	48	45.56451613	36.08870968	1
6	46	21.37096774	39.71774194	1
6	49	57.25806452	21.16935484	1
6	44	8.467741935	44.55645161	1
6	45	19.35483871	43.34677419	1
6	47	36.29032258	29.23387097	1
6	46	17.74193548	47.37903226	0
6	48	37.90322581	34.27419355	0
6	45	7.661290323	48.79032258	0
6	47	41.12903226	39.71774194	0
6	49	47.17741935	21.97580645	0
6	44	6.85483871	49.59677419	0
6	47	31.85483871	40.72580645	-1
6	46	17.33870968	44.95967742	-1
6	44	6.85483871	52.21774194	-1
6	49	64.11290323	21.77419355	-1
6	45	18.5483871	42.54032258	-1
6	48	57.25806452	30.04032258	-1
6	47	45.56451613	30.64516129	0
6	44	5.241935484	50	0
6	49	35.08064516	33.66935484	0
6	46	43.5483871	33.46774194	0
6	45	16.53225806	39.11290323	0
6	48	52.41935484	29.23387097	0
6	49	36.29032258	31.0483871	1
6	46	16.93548387	41.12903226	1
6	44	6.451612903	45.36290323	1
6	45	6.451612903	46.77419355	1
6	48	36.69354839	30.24193548	1
6	47	53.62903226	28.62903226	1
6	44	9.677419355	49.59677419	-1
6	47	28.62903226	39.91935484	-1
6	49	63.30645161	27.01612903	-1
6	48	49.19354839	25.80645161	-1
6	45	24.59677419	40.52419355	-1
6	46	35.88709677	35.68548387	-1
6	47	45.96774194	32.05645161	-1
6	45	11.69354839	44.75806452	-1
6	44	10.08064516	46.57258065	-1
6	49	47.98387097	26.81451613	-1
6	48	42.74193548	27.41935484	-1
6	46	54.43548387	33.66935484	-1
6	45	6.048387097	47.78225806	1
6	44	4.838709677	48.79032258	1
6	46	14.91935484	43.9516129	1
6	49	49.19354839	27.41935484	1
6	48	64.51612903	24.59677419	1
6	47	56.4516129	26.41129032	1
6	49	68.14516129	18.9516129	0
6	47	47.98387097	28.42741935	0
6	44	7.258064516	42.74193548	0
6	45	34.27419355	35.88709677	0
6	46	52.41935484	30.04032258	0
6	48	63.70967742	13.10483871	0
7	49	21.37096774	40.72580645	-1
7	48	17.74193548	43.5483871	-1
7	44	2.419354839	50	-1
7	45	14.11290323	52.41935484	-1
7	46	15.72580645	45.96774194	-1
7	47	31.85483871	40.32258065	-1
7	49	24.59677419	35.28225806	1
7	44	13.70967742	45.36290323	1
7	48	22.98387097	39.51612903	1
7	45	14.11290323	41.53225806	1
7	47	26.61290323	38.10483871	1
7	46	18.14516129	41.53225806	1
7	47	23.38709677	35.28225806	0
7	45	10.48387097	43.9516129	0
7	44	4.032258065	46.97580645	0
7	46	14.91935484	43.14516129	0
7	49	31.85483871	32.25806452	0
7	48	13.30645161	42.54032258	0
7	46	14.91935484	44.15322581	1
7	48	21.37096774	40.52419355	1
7	47	11.29032258	44.35483871	1
7	49	36.69354839	29.83870968	1
7	45	2.419354839	48.99193548	1
7	44	0	50	1
7	47	19.35483871	43.14516129	-1
7	49	28.62903226	34.07258065	-1
7	45	4.838709677	47.58064516	-1
7	46	7.661290323	46.57258065	-1
7	44	2.419354839	48.38709677	-1
7	48	25.80645161	41.93548387	-1
7	49	38.30645161	30.04032258	0
7	46	8.467741935	45.76612903	0
7	45	3.225806452	46.97580645	0
7	44	4.838709677	45.36290323	0
7	47	14.11290323	41.33064516	0
7	48	38.30645161	32.25806452	0
7	46	6.048387097	46.97580645	0
7	48	28.22580645	37.7016129	0
7	47	16.93548387	42.33870968	0
7	44	0	50	0
7	45	6.048387097	46.16935484	0
7	49	45.16129032	34.27419355	0
7	47	8.467741935	44.55645161	-1
7	49	29.83870968	36.08870968	-1
7	45	7.258064516	45.56451613	-1
7	46	15.32258065	41.33064516	-1
7	48	27.41935484	38.70967742	-1
7	44	0	50	-1
7	48	22.98387097	40.92741935	1
7	46	9.677419355	45.16129032	1
7	49	36.29032258	34.67741935	1
7	45	3.225806452	47.17741935	1
7	44	4.435483871	47.58064516	1
7	47	20.56451613	42.74193548	1
8	46	13.70967742	47.17741935	-1
8	48	22.98387097	41.53225806	-1
8	45	13.70967742	47.78225806	-1
8	47	21.77419355	41.93548387	-1
8	49	28.22580645	37.90322581	-1
8	44	12.90322581	46.37096774	-1
8	48	22.58064516	41.53225806	0
8	45	20.16129032	43.34677419	0
8	44	13.70967742	50	0
8	49	29.03225806	32.25806452	0
8	46	18.14516129	42.94354839	0
8	47	18.14516129	41.73387097	0
8	49	24.19354839	38.70967742	1
8	46	20.56451613	41.73387097	1
8	48	27.41935484	38.30645161	1
8	47	22.58064516	39.71774194	1
8	44	13.30645161	43.75	1
8	45	15.32258065	44.35483871	1
8	46	17.33870968	39.91935484	1
8	45	19.35483871	43.5483871	1
8	48	24.19354839	37.2983871	1
8	44	8.064516129	50	1
8	47	20.16129032	40.92741935	1
8	49	21.37096774	37.09677419	1
8	45	15.32258065	45.76612903	0
8	44	15.72580645	46.77419355	0
8	48	19.35483871	38.50806452	0
8	47	15.72580645	43.14516129	0
8	46	14.91935484	43.14516129	0
8	49	30.24193548	38.10483871	0
8	44	4.838709677	47.78225806	-1
8	49	24.59677419	40.12096774	-1
8	46	16.12903226	42.94354839	-1
8	45	14.11290323	44.75806452	-1
8	47	14.91935484	37.90322581	-1
8	48	32.66129032	36.89516129	-1
8	46	21.37096774	42.94354839	1
8	48	22.98387097	37.90322581	1
8	47	23.79032258	41.33064516	1
8	49	27.82258065	37.2983871	1
8	45	9.274193548	42.94354839	1
8	44	14.11290323	45.76612903	1
8	48	20.96774194	38.30645161	-1
8	45	11.69354839	39.31451613	-1
8	49	21.77419355	39.51612903	-1
8	44	12.09677419	46.16935484	-1
8	46	15.32258065	42.54032258	-1
8	47	14.51612903	37.2983871	-1
8	48	16.12903226	41.73387097	0
8	49	16.93548387	39.11290323	0
8	44	4.838709677	47.98387097	0
8	46	12.90322581	41.73387097	0
8	45	14.11290323	45.16129032	0
8	47	12.5	40.92741935	0
9	44	4.032258065	51.00806452	0
9	46	8.870967742	44.35483871	0
9	49	34.27419355	30.04032258	0
9	47	25	33.66935484	0
9	45	10.08064516	43.34677419	0
9	48	22.58064516	33.46774194	0
9	49	49.19354839	29.43548387	1
9	46	24.19354839	38.91129032	1
9	48	48.38709677	31.4516129	1
9	47	45.56451613	29.83870968	1
9	44	6.85483871	46.16935484	1
9	45	19.35483871	41.53225806	1
9	47	19.35483871	35.08064516	-1
9	44	3.225806452	54.23387097	-1
9	49	12.90322581	39.91935484	-1
9	46	16.12903226	60.28225806	-1
9	48	25	38.70967742	-1
9	45	14.11290323	52.01612903	-1
9	47	19.35483871	40.72580645	-1
9	45	5.241935484	52.41935484	-1
9	44	4.838709677	54.83870968	-1
9	46	6.85483871	44.35483871	-1
9	49	22.17741935	40.32258065	-1
9	48	26.20967742	35.68548387	-1
9	47	18.5483871	36.49193548	1
9	49	39.51612903	29.23387097	1
9	48	39.91935484	32.66129032	1
9	46	18.14516129	35.08064516	1
9	45	11.29032258	39.31451613	1
9	44	5.241935484	41.33064516	1
9	47	28.22580645	35.08064516	0
9	46	11.69354839	40.92741935	0
9	49	38.30645161	33.66935484	0
9	45	8.064516129	53.62903226	0
9	48	20.16129032	45.36290323	0
9	44	2.822580645	53.62903226	0
9	47	19.75806452	40.32258065	-1
9	46	11.69354839	44.15322581	-1
9	48	14.91935484	40.52419355	-1
9	44	3.629032258	63.91129032	-1
9	49	35.48387097	35.48387097	-1
9	45	8.064516129	59.27419355	-1
9	48	18.9516129	45.16129032	0
9	45	9.274193548	58.87096774	0
9	49	13.70967742	45.56451613	0
9	47	9.274193548	37.09677419	0
9	46	12.90322581	39.11290323	0
9	44	7.661290323	59.87903226	0
9	46	16.12903226	38.50806452	1
9	44	4.032258065	46.37096774	1
9	45	8.064516129	42.54032258	1
9	49	32.66129032	35.88709677	1
9	48	32.66129032	36.69354839	1
9	47	15.32258065	34.27419355	1
10	48	28.22580645	40.32258065	1
10	44	11.69354839	53.62903226	1
10	49	18.5483871	41.33064516	1
10	45	13.70967742	58.66935484	1
10	47	12.90322581	47.17741935	1
10	46	11.69354839	55.04032258	1
10	48	11.29032258	58.87096774	-1
10	44	4.435483871	51.41129032	-1
10	47	6.048387097	54.23387097	-1
10	49	22.58064516	63.50806452	-1
10	46	6.85483871	56.25	-1
10	45	8.064516129	53.02419355	-1
10	44	6.048387097	56.4516129	0
10	48	25.80645161	65.12096774	0
10	49	20.56451613	60.88709677	0
10	45	8.064516129	53.62903226	0
10	47	10.88709677	55.64516129	0
10	46	8.467741935	57.86290323	0
10	45	14.11290323	55.44354839	0
10	48	26.61290323	61.69354839	0
10	49	38.70967742	67.74193548	0
10	44	5.64516129	52.21774194	0
10	47	22.58064516	58.66935484	0
10	46	15.72580645	56.25	0
10	44	6.85483871	52.82258065	-1
10	47	5.241935484	52.82258065	-1
10	48	20.16129032	67.74193548	-1
10	46	10.48387097	62.09677419	-1
10	45	9.677419355	61.69354839	-1
10	49	39.11290323	71.97580645	-1
10	48	16.12903226	50	1
10	44	8.870967742	52.62096774	1
10	49	30.64516129	37.5	1
10	45	11.29032258	58.66935484	1
10	46	16.12903226	61.49193548	1
10	47	17.74193548	57.66129032	1
10	46	13.30645161	56.0483871	0
10	49	24.59677419	60.88709677	0
10	48	24.19354839	58.46774194	0
10	47	13.70967742	60.68548387	0
10	45	15.72580645	57.25806452	0
10	44	0	50	0
10	49	25	37.90322581	1
10	44	0	50	1
10	48	14.11290323	40.92741935	1
10	45	0	50	1
10	46	6.048387097	53.83064516	1
10	47	6.85483871	47.98387097	1
10	44	11.69354839	55.04032258	-1
10	46	6.85483871	52.82258065	-1
10	47	8.870967742	54.23387097	-1
10	45	13.70967742	64.91935484	-1
10	49	47.98387097	71.37096774	-1
10	48	14.11290323	65.92741935	-1
11	45	8.467741935	50	0
11	49	16.93548387	43.5483871	0
11	48	7.661290323	48.18548387	0
11	44	4.032258065	50.40322581	0
11	46	5.64516129	48.79032258	0
11	47	6.451612903	48.58870968	0
11	45	1.612903226	51.61290323	-1
11	46	1.209677419	53.42741935	-1
11	44	0	55.44354839	-1
11	47	4.435483871	50.60483871	-1
11	48	7.661290323	49.19354839	-1
11	49	10.88709677	48.38709677	-1
11	46	5.241935484	46.16935484	1
11	47	6.048387097	47.78225806	1
11	44	0.806451613	50	1
11	48	3.225806452	48.58870968	1
11	45	1.209677419	48.18548387	1
11	49	12.09677419	44.15322581	1
11	46	3.629032258	51.20967742	-1
11	47	3.629032258	51.20967742	-1
11	48	9.274193548	47.58064516	-1
11	44	0	58.66935484	-1
11	45	3.629032258	52.62096774	-1
11	49	9.274193548	45.76612903	-1
11	46	4.838709677	48.99193548	0
11	45	3.225806452	50	0
11	49	6.048387097	42.33870968	0
11	48	5.241935484	48.18548387	0
11	44	0	55.24193548	0
11	47	6.451612903	48.58870968	0
11	46	0	50	1
11	44	0	52.01612903	1
11	48	8.467741935	46.16935484	1
11	47	7.258064516	47.58064516	1
11	45	0.403225806	50	1
11	49	6.451612903	47.78225806	1
11	47	4.435483871	47.78225806	1
11	46	0	48.18548387	1
11	44	0	52.01612903	1
11	48	15.32258065	45.16129032	1
11	45	0	50	1
11	49	12.5	42.74193548	1
11	44	0	54.23387097	0
11	46	2.822580645	48.79032258	0
11	47	6.451612903	47.58064516	0
11	45	2.822580645	50	0
11	48	8.064516129	45.96774194	0
11	49	11.69354839	44.95967742	0
11	45	0	50	-1
11	49	17.74193548	35.88709677	-1
11	47	10.48387097	44.15322581	-1
11	46	6.451612903	46.16935484	-1
11	48	20.16129032	38.30645161	-1
11	44	0	51.61290323	-1
12	45	9.677419355	46.37096774	1
12	49	42.74193548	42.33870968	1
12	46	16.93548387	42.74193548	1
12	48	41.93548387	36.08870968	1
12	44	4.838709677	47.78225806	1
12	47	31.0483871	44.95967742	1
12	46	1.209677419	48.18548387	0
12	48	13.70967742	44.75806452	0
12	45	3.629032258	49.19354839	0
12	44	0.806451613	49.59677419	0
12	47	18.9516129	45.16129032	0
12	49	53.62903226	30.04032258	0
12	46	3.225806452	47.78225806	-1
12	45	2.016129032	57.05645161	-1
12	49	5.64516129	48.38709677	-1
12	47	5.64516129	46.16935484	-1
12	44	1.612903226	49.39516129	-1
12	48	8.467741935	44.75806452	-1
12	47	13.30645161	44.55645161	0
12	49	29.83870968	38.50806452	0
12	44	2.822580645	49.19354839	0
12	46	4.838709677	48.38709677	0
12	45	6.451612903	46.37096774	0
12	48	47.17741935	37.7016129	0
12	49	50	36.29032258	1
12	48	20.56451613	34.07258065	1
12	44	7.661290323	46.77419355	1
12	45	14.11290323	45.96774194	1
12	47	28.22580645	34.27419355	1
12	46	9.677419355	41.73387097	1
12	45	3.225806452	47.78225806	-1
12	46	3.225806452	48.58870968	-1
12	44	5.241935484	47.98387097	-1
12	47	6.451612903	42.33870968	-1
12	48	8.064516129	43.34677419	-1
12	49	21.77419355	34.67741935	-1
12	48	12.09677419	40.72580645	-1
12	47	8.870967742	39.71774194	-1
12	45	6.048387097	46.57258065	-1
12	46	7.258064516	39.31451613	-1
12	49	25	35.48387097	-1
12	44	9.274193548	43.9516129	-1
12	45	7.661290323	45.96774194	1
12	44	9.677419355	45.16129032	1
12	49	33.46774194	35.48387097	1
12	46	19.35483871	41.53225806	1
12	47	13.70967742	41.73387097	1
12	48	29.03225806	32.86290323	1
12	45	4.838709677	48.18548387	0
12	49	22.98387097	36.89516129	0
12	44	7.661290323	41.93548387	0
12	46	13.30645161	42.74193548	0
12	47	10.48387097	36.89516129	0
12	48	18.9516129	31.85483871	0
13	45	12.5	51.20967742	-1
13	44	1.612903226	50	-1
13	47	25	48.18548387	-1
13	49	26.61290323	43.5483871	-1
13	46	34.67741935	37.7016129	-1
13	48	22.58064516	42.54032258	-1
13	47	25.80645161	45.96774194	1
13	49	29.83870968	37.7016129	1
13	46	13.70967742	45.96774194	1
13	48	22.58064516	39.11290323	1
13	45	8.467741935	45.96774194	1
13	44	2.822580645	50	1
13	48	35.88709677	38.91129032	0
13	46	6.048387097	46.37096774	0
13	45	2.822580645	49.7983871	0
13	47	15.32258065	42.94354839	0
13	49	37.09677419	33.26612903	0
13	44	2.822580645	50	0
13	49	48.79032258	25.2016129	1
13	45	4.838709677	47.98387097	1
13	44	3.629032258	48.18548387	1
13	47	36.29032258	36.89516129	1
13	46	17.33870968	43.75	1
13	48	18.9516129	38.91129032	1
13	49	27.41935484	38.30645161	-1
13	46	2.419354839	50	-1
13	48	11.69354839	46.16935484	-1
13	44	0	50	-1
13	47	6.85483871	47.17741935	-1
13	45	4.032258065	47.98387097	-1
13	48	20.16129032	40.72580645	0
13	44	0.403225806	50	0
13	46	4.032258065	49.59677419	0
13	47	6.048387097	49.39516129	0
13	49	29.43548387	41.12903226	0
13	45	0	50	0
13	49	19.75806452	40.32258065	0
13	47	11.69354839	45.76612903	0
13	46	4.838709677	47.17741935	0
13	44	2.822580645	48.18548387	0
13	48	10.08064516	43.9516129	0
13	45	3.225806452	47.98387097	0
13	48	6.048387097	45.96774194	-1
13	49	27.82258065	40.52419355	-1
13	46	2.822580645	49.39516129	-1
13	47	10.08064516	46.77419355	-1
13	45	0.403225806	50	-1
13	44	0	50	-1
13	46	0.403225806	50	1
13	44	0	50	1
13	48	6.048387097	46.16935484	1
13	45	0	50	1
13	49	9.677419355	46.97580645	1
13	47	3.629032258	48.79032258	1
14	47	47.98387097	33.87096774	-1
14	49	55.64516129	33.66935484	-1
14	46	29.03225806	44.95967742	-1
14	45	28.22580645	46.97580645	-1
14	48	56.0483871	35.68548387	-1
14	44	24.59677419	46.57258065	-1
14	45	30.64516129	36.69354839	0
14	46	25	44.15322581	0
14	49	54.43548387	35.08064516	0
14	47	38.70967742	40.72580645	0
14	48	41.93548387	33.87096774	0
14	44	28.22580645	38.30645161	0
14	48	42.33870968	35.28225806	1
14	46	22.98387097	41.12903226	1
14	45	27.01612903	41.73387097	1
14	47	48.38709677	33.06451613	1
14	49	65.32258065	27.41935484	1
14	44	34.27419355	40.72580645	1
14	49	68.14516129	19.95967742	1
14	47	42.33870968	27.01612903	1
14	44	35.88709677	41.12903226	1
14	46	34.67741935	36.29032258	1
14	48	53.22580645	28.42741935	1
14	45	29.03225806	39.51612903	1
14	49	43.14516129	37.5	0
14	47	24.19354839	39.51612903	0
14	45	27.82258065	37.5	0
14	48	25.40322581	35.28225806	0
14	46	22.17741935	42.74193548	0
14	44	14.11290323	46.16935484	0
14	48	49.19354839	36.08870968	-1
14	46	21.77419355	41.33064516	-1
14	45	24.19354839	43.9516129	-1
14	49	50.40322581	32.86290323	-1
14	47	39.91935484	36.29032258	-1
14	44	23.38709677	43.14516129	-1
14	47	35.88709677	39.11290323	1
14	45	24.19354839	42.94354839	1
14	48	50	27.62096774	1
14	46	39.11290323	37.2983871	1
14	49	58.06451613	16.33064516	1
14	44	33.06451613	37.09677419	1
14	49	56.4516129	34.67741935	-1
14	44	10.48387097	44.95967742	-1
14	45	18.9516129	43.75	-1
14	48	37.5	38.91129032	-1
14	46	38.30645161	41.12903226	-1
14	47	35.48387097	41.93548387	-1
14	44	17.74193548	44.95967742	0
14	48	45.16129032	35.48387097	0
14	45	12.5	44.15322581	0
14	47	36.69354839	37.5	0
14	49	59.67741935	27.01612903	0
14	46	31.85483871	40.12096774	0
15	49	37.09677419	36.49193548	0
15	48	34.27419355	37.5	0
15	47	32.66129032	37.2983871	0
15	45	14.91935484	44.15322581	0
15	46	19.35483871	40.72580645	0
15	44	16.93548387	42.13709677	0
15	48	54.03225806	26.00806452	1
15	47	35.08064516	36.08870968	1
15	46	36.69354839	37.2983871	1
15	45	29.03225806	39.91935484	1
15	49	52.01612903	29.03225806	1
15	44	13.70967742	46.16935484	1
15	49	55.64516129	26.61290323	-1
15	44	10.08064516	50.2016129	-1
15	48	45.96774194	30.84677419	-1
15	45	17.33870968	41.93548387	-1
15	47	25.40322581	40.32258065	-1
15	46	19.35483871	39.11290323	-1
15	49	33.06451613	37.09677419	-1
15	48	10.88709677	44.75806452	-1
15	44	12.5	48.99193548	-1
15	47	20.16129032	40.92741935	-1
15	46	19.75806452	39.91935484	-1
15	45	13.30645161	42.94354839	-1
15	47	24.19354839	36.89516129	1
15	48	33.46774194	38.30645161	1
15	49	35.08064516	36.08870968	1
15	44	12.5	41.73387097	1
15	45	31.4516129	37.09677419	1
15	46	21.77419355	40.32258065	1
15	48	47.17741935	31.25	0
15	49	45.56451613	31.65322581	0
15	45	15.32258065	40.52419355	0
15	44	16.93548387	40.12096774	0
15	47	25.80645161	37.7016129	0
15	46	40.32258065	33.66935484	0
15	49	43.9516129	33.06451613	-1
15	46	14.11290323	42.54032258	-1
15	47	25	37.7016129	-1
15	44	5.64516129	50	-1
15	45	11.29032258	51.20967742	-1
15	48	49.59677419	31.85483871	-1
15	49	36.69354839	33.06451613	0
15	46	17.74193548	39.51612903	0
15	44	7.258064516	50	0
15	47	32.25806452	40.12096774	0
15	48	32.25806452	37.2983871	0
15	45	10.88709677	46.97580645	0
15	49	42.33870968	33.66935484	1
15	45	11.69354839	43.5483871	1
15	46	15.72580645	41.53225806	1
15	48	49.19354839	30.64516129	1
15	44	13.70967742	45.36290323	1
15	47	59.67741935	28.83064516	1
16	49	19.75806452	36.49193548	1
16	45	16.53225806	42.33870968	1
16	47	18.9516129	42.74193548	1
16	44	14.51612903	51.00806452	1
16	48	18.9516129	38.30645161	1
16	46	17.33870968	42.74193548	1
16	47	15.72580645	48.99193548	-1
16	45	12.5	52.82258065	-1
16	44	11.69354839	58.87096774	-1
16	48	27.82258065	39.71774194	-1
16	46	17.33870968	48.58870968	-1
16	49	25.40322581	40.92741935	-1
16	47	22.58064516	41.12903226	0
16	49	31.4516129	35.88709677	0
16	46	22.98387097	40.12096774	0
16	44	18.14516129	45.96774194	0
16	45	15.72580645	46.16935484	0
16	48	25.40322581	39.31451613	0
16	46	16.53225806	50	0
16	47	20.16129032	46.37096774	0
16	49	23.79032258	44.75806452	0
16	44	13.70967742	56.65322581	0
16	45	15.72580645	45.96774194	0
16	48	27.41935484	38.10483871	0
16	46	16.93548387	45.76612903	-1
16	45	16.93548387	48.79032258	-1
16	48	27.01612903	40.52419355	-1
16	47	25.80645161	40.72580645	-1
16	49	29.03225806	38.91129032	-1
16	44	15.32258065	50.2016129	-1
16	49	32.25806452	38.91129032	1
16	44	16.12903226	47.58064516	1
16	45	20.96774194	45.36290323	1
16	48	16.93548387	41.33064516	1
16	46	19.35483871	42.54032258	1
16	47	22.98387097	40.32258065	1
16	44	11.29032258	57.86290323	0
16	47	17.33870968	45.36290323	0
16	46	19.75806452	50.2016129	0
16	48	26.20967742	45.96774194	0
16	45	17.33870968	51.41129032	0
16	49	27.82258065	38.10483871	0
16	48	25.40322581	38.70967742	1
16	45	13.30645161	51.00806452	1
16	44	12.5	50	1
16	49	24.19354839	37.09677419	1
16	46	21.77419355	44.55645161	1
16	47	22.17741935	40.92741935	1
16	46	21.37096774	50	-1
16	45	18.9516129	58.66935484	-1
16	47	21.37096774	44.55645161	-1
16	49	27.82258065	41.53225806	-1
16	44	14.91935484	58.87096774	-1
16	48	20.56451613	39.51612903	-1
17	45	28.62903226	62.90322581	0
17	48	37.90322581	30.24193548	0
17	49	50.40322581	25.2016129	0
17	44	17.33870968	45.36290323	0
17	47	40.72580645	31.25	0
17	46	26.20967742	38.30645161	0
17	48	33.06451613	38.50806452	-1
17	47	31.0483871	40.12096774	-1
17	49	50.40322581	23.79032258	-1
17	45	27.01612903	43.5483871	-1
17	46	26.20967742	39.11290323	-1
17	44	13.30645161	50	-1
17	45	25	39.51612903	1
17	46	29.83870968	35.28225806	1
17	44	8.870967742	56.0483871	1
17	49	50.80645161	26.00806452	1
17	47	45.16129032	32.25806452	1
17	48	45.96774194	23.99193548	1
17	47	19.75806452	44.55645161	-1
17	44	12.5	57.45967742	-1
17	45	12.09677419	47.58064516	-1
17	48	31.4516129	41.33064516	-1
17	49	36.69354839	31.85483871	-1
17	46	18.14516129	46.37096774	-1
17	44	9.274193548	50	0
17	47	34.67741935	36.89516129	0
17	49	47.98387097	24.39516129	0
17	46	35.88709677	44.15322581	0
17	48	47.98387097	25.60483871	0
17	45	32.25806452	43.9516129	0
17	44	12.09677419	42.13709677	1
17	45	8.870967742	36.89516129	1
17	47	33.46774194	31.65322581	1
17	48	47.58064516	30.04032258	1
17	46	43.9516129	30.84677419	1
17	49	49.59677419	24.19354839	1
17	48	41.12903226	24.39516129	1
17	46	31.85483871	33.66935484	1
17	44	14.51612903	49.59677419	1
17	45	16.53225806	36.89516129	1
17	47	47.58064516	25.40322581	1
17	49	48.38709677	21.77419355	1
17	46	12.5	45.96774194	0
17	48	48.79032258	23.58870968	0
17	45	12.5	44.75806452	0
17	49	50.40322581	23.18548387	0
17	44	12.90322581	43.34677419	0
17	47	31.85483871	31.4516129	0
17	45	10.08064516	55.44354839	-1
17	47	25	44.35483871	-1
17	49	41.53225806	26.61290323	-1
17	44	6.451612903	50	-1
17	48	24.59677419	38.30645161	-1
17	46	17.74193548	52.21774194	-1
18	44	22.58064516	58.06451613	1
18	46	13.70967742	50.40322581	1
18	47	57.25806452	29.83870968	1
18	45	15.72580645	48.99193548	1
18	48	62.09677419	17.54032258	1
18	49	64.11290323	18.5483871	1
18	44	13.30645161	59.27419355	0
18	45	7.258064516	56.4516129	0
18	48	49.59677419	33.26612903	0
18	49	50	24.59677419	0
18	46	41.12903226	34.87903226	0
18	47	43.14516129	32.45967742	0
18	48	16.93548387	38.30645161	-1
18	45	4.032258065	59.07258065	-1
18	44	2.822580645	56.4516129	-1
18	46	8.870967742	65.12096774	-1
18	47	16.93548387	60.88709677	-1
18	49	29.83870968	34.87903226	-1
18	46	4.435483871	62.5	0
18	44	4.032258065	57.86290323	0
18	49	66.12903226	27.21774194	0
18	48	47.98387097	30.64516129	0
18	47	25	66.53225806	0
18	45	6.048387097	56.4516129	0
18	44	12.09677419	42.33870968	1
18	47	22.58064516	37.2983871	1
18	46	22.58064516	43.5483871	1
18	49	48.38709677	28.42741935	1
18	45	5.241935484	54.83870968	1
18	48	47.58064516	31.0483871	1
18	47	18.9516129	60.48387097	-1
18	49	38.30645161	42.13709677	-1
18	44	0	50	-1
18	46	18.14516129	58.26612903	-1
18	48	37.5	39.91935484	-1
18	45	13.70967742	61.08870968	-1
18	44	4.838709677	63.91129032	-1
18	48	29.43548387	63.70967742	-1
18	46	15.32258065	64.91935484	-1
18	45	4.435483871	64.51612903	-1
18	47	18.5483871	61.69354839	-1
18	49	50	59.87903226	-1
18	46	24.19354839	39.51612903	1
18	48	58.06451613	23.18548387	1
18	45	19.35483871	50.2016129	1
18	44	13.70967742	36.29032258	1
18	49	72.17741935	23.99193548	1
18	47	41.93548387	27.82258065	1
18	46	13.70967742	56.4516129	0
18	44	2.822580645	53.62903226	0
18	48	35.48387097	39.71774194	0
18	49	51.20967742	29.83870968	0
18	45	12.90322581	54.83870968	0
18	47	47.58064516	37.2983871	0
19	44	3.225806452	49.19354839	-1
19	49	12.09677419	42.13709677	-1
19	45	6.048387097	47.78225806	-1
19	48	23.79032258	40.52419355	-1
19	46	8.870967742	46.77419355	-1
19	47	13.70967742	43.9516129	-1
19	48	20.56451613	38.50806452	1
19	49	21.77419355	35.68548387	1
19	44	8.467741935	47.98387097	1
19	47	36.69354839	35.48387097	1
19	46	20.56451613	36.49193548	1
19	45	8.467741935	46.57258065	1
19	48	23.38709677	43.5483871	0
19	44	3.629032258	49.7983871	0
19	45	8.870967742	54.23387097	0
19	46	12.90322581	43.75	0
19	49	28.22580645	32.25806452	0
19	47	24.19354839	38.30645161	0
19	44	4.032258065	49.59677419	1
19	47	10.08064516	43.9516129	1
19	45	4.435483871	50	1
19	48	27.82258065	33.87096774	1
19	49	37.5	31.65322581	1
19	46	22.58064516	43.5483871	1
19	47	9.677419355	46.37096774	-1
19	49	30.64516129	34.67741935	-1
19	45	12.90322581	45.36290323	-1
19	46	7.661290323	46.97580645	-1
19	48	20.96774194	41.53225806	-1
19	44	14.11290323	55.64516129	-1
19	46	16.93548387	45.36290323	0
19	44	4.435483871	49.39516129	0
19	47	24.59677419	41.12903226	0
19	49	40.32258065	31.85483871	0
19	48	36.69354839	37.09677419	0
19	45	6.85483871	48.79032258	0
19	49	35.88709677	29.83870968	0
19	46	19.35483871	44.15322581	0
19	47	21.37096774	39.91935484	0
19	44	5.64516129	49.59677419	0
19	45	6.048387097	47.37903226	0
19	48	39.11290323	29.83870968	0
19	44	13.30645161	57.86290323	-1
19	49	32.25806452	39.91935484	-1
19	46	11.69354839	48.18548387	-1
19	48	23.79032258	38.70967742	-1
19	45	11.69354839	52.62096774	-1
19	47	7.661290323	47.37903226	-1
19	46	17.33870968	41.73387097	1
19	44	6.85483871	50	1
19	49	32.66129032	33.06451613	1
19	48	37.09677419	32.05645161	1
19	45	16.93548387	45.16129032	1
19	47	40.32258065	33.26612903	1
20	46	14.11290323	57.05645161	-1
20	45	7.661290323	56.4516129	-1
20	47	16.12903226	46.77419355	-1
20	49	16.12903226	42.54032258	-1
20	48	21.77419355	40.12096774	-1
20	44	8.870967742	60.08064516	-1
20	49	22.58064516	37.90322581	0
20	46	16.53225806	44.75806452	0
20	48	18.14516129	41.93548387	0
20	45	7.661290323	46.16935484	0
20	47	12.90322581	43.9516129	0
20	44	4.032258065	54.03225806	0
20	45	9.274193548	42.94354839	1
20	47	14.91935484	40.72580645	1
20	46	6.048387097	45.56451613	1
20	49	22.58064516	36.08870968	1
20	44	9.677419355	44.55645161	1
20	48	23.38709677	34.87903226	1
20	45	10.08064516	44.75806452	1
20	48	15.72580645	40.52419355	1
20	47	16.12903226	39.71774194	1
20	44	6.85483871	54.63709677	1
20	46	6.451612903	45.16129032	1
20	49	27.01612903	35.08064516	1
20	46	6.048387097	53.62903226	0
20	47	12.90322581	46.37096774	0
20	49	19.35483871	38.50806452	0
20	44	4.838709677	54.43548387	0
20	48	22.58064516	38.10483871	0
20	45	8.870967742	44.75806452	0
20	47	10.08064516	45.56451613	-1
20	44	3.629032258	59.27419355	-1
20	45	6.451612903	53.22580645	-1
20	49	33.06451613	33.26612903	-1
20	46	12.5	54.63709677	-1
20	48	16.12903226	40.72580645	-1
20	45	8.870967742	45.16129032	1
20	44	7.258064516	54.63709677	1
20	46	15.32258065	41.53225806	1
20	49	19.35483871	37.7016129	1
20	47	14.91935484	43.9516129	1
20	48	23.38709677	36.29032258	1
20	47	9.677419355	45.76612903	-1
20	44	5.241935484	61.29032258	-1
20	46	16.12903226	58.66935484	-1
20	45	14.91935484	58.06451613	-1
20	48	21.77419355	41.73387097	-1
20	49	37.5	34.87903226	-1
20	47	22.17741935	41.33064516	0
20	44	6.85483871	56.25	0
20	45	8.064516129	56.4516129	0
20	48	20.96774194	38.30645161	0
20	49	45.56451613	35.48387097	0
20	46	16.93548387	55.24193548	0
21	46	2.016129032	48.99193548	0
21	45	1.209677419	50.40322581	0
21	49	22.98387097	41.73387097	0
21	44	1.209677419	50.40322581	0
21	48	12.09677419	48.99193548	0
21	47	12.90322581	44.55645161	0
21	48	16.93548387	41.73387097	1
21	49	16.93548387	43.34677419	1
21	44	5.64516129	47.37903226	1
21	45	10.08064516	45.96774194	1
21	46	15.72580645	39.71774194	1
21	47	16.53225806	38.70967742	1
21	45	4.032258065	51.41129032	-1
21	44	2.419354839	51.20967742	-1
21	47	7.258064516	49.19354839	-1
21	46	2.822580645	50.2016129	-1
21	48	9.274193548	47.98387097	-1
21	49	5.241935484	46.37096774	-1
21	44	0.403225806	50	-1
21	48	5.241935484	45.76612903	-1
21	46	2.016129032	50	-1
21	49	18.5483871	40.12096774	-1
21	45	2.822580645	49.39516129	-1
21	47	2.419354839	48.58870968	-1
21	44	4.032258065	50	1
21	47	13.70967742	44.95967742	1
21	48	15.72580645	42.54032258	1
21	49	22.17741935	36.49193548	1
21	45	9.677419355	44.95967742	1
21	46	6.048387097	47.17741935	1
21	48	17.33870968	41.53225806	0
21	47	8.467741935	44.15322581	0
21	44	1.209677419	50	0
21	46	11.29032258	48.99193548	0
21	45	10.48387097	51.61290323	0
21	49	28.22580645	37.2983871	0
21	46	4.032258065	49.19354839	-1
21	47	3.629032258	48.99193548	-1
21	45	3.225806452	50.2016129	-1
21	48	4.838709677	48.18548387	-1
21	44	0.403225806	50.2016129	-1
21	49	6.85483871	44.95967742	-1
21	48	17.33870968	44.55645161	0
21	45	2.419354839	50	0
21	47	2.419354839	50	0
21	49	27.41935484	41.33064516	0
21	44	6.85483871	51.20967742	0
21	46	6.85483871	50	0
21	44	2.419354839	48.79032258	1
21	48	9.677419355	43.75	1
21	49	34.67741935	40.92741935	1
21	45	6.85483871	50.2016129	1
21	47	19.75806452	36.08870968	1
21	46	12.09677419	45.16129032	1
22	48	0	50	1
22	49	0	50	1
22	45	0	50	1
22	46	0	50	1
22	44	20.16129032	46.37096774	1
22	47	24.19354839	41.12903226	1
22	45	13.70967742	44.35483871	-1
22	47	18.9516129	39.91935484	-1
22	48	20.16129032	42.74193548	-1
22	44	4.032258065	48.18548387	-1
22	49	34.67741935	38.91129032	-1
22	46	12.90322581	43.9516129	-1
22	45	7.661290323	46.16935484	0
22	46	16.12903226	44.15322581	0
22	48	40.32258065	37.2983871	0
22	44	6.048387097	46.57258065	0
22	47	21.37096774	40.12096774	0
22	49	35.08064516	37.90322581	0
22	46	9.677419355	44.95967742	0
22	45	9.274193548	43.5483871	0
22	47	21.77419355	41.12903226	0
22	49	27.82258065	38.50806452	0
22	44	3.225806452	46.37096774	0
22	48	29.03225806	37.90322581	0
22	47	10.08064516	44.15322581	-1
22	48	19.75806452	42.94354839	-1
22	49	26.20967742	39.31451613	-1
22	46	9.274193548	45.56451613	-1
22	45	17.74193548	44.35483871	-1
22	44	4.435483871	45.56451613	-1
22	47	12.09677419	45.56451613	1
22	44	7.258064516	45.76612903	1
22	46	20.96774194	41.73387097	1
22	48	30.64516129	37.90322581	1
22	49	34.27419355	38.70967742	1
22	45	22.98387097	44.35483871	1
22	46	8.870967742	46.16935484	0
22	48	31.0483871	39.71774194	0
22	44	3.629032258	48.58870968	0
22	45	16.93548387	46.57258065	0
22	49	32.25806452	37.2983871	0
22	47	25.80645161	39.31451613	0
22	46	10.08064516	42.94354839	1
22	49	34.67741935	36.89516129	1
22	45	10.48387097	45.16129032	1
22	47	12.90322581	44.95967742	1
22	48	23.38709677	41.12903226	1
22	44	4.032258065	47.37903226	1
22	46	8.064516129	47.58064516	-1
22	45	4.838709677	47.58064516	-1
22	49	31.85483871	35.68548387	-1
22	48	24.19354839	45.36290323	-1
22	47	29.83870968	35.68548387	-1
22	44	9.274193548	44.55645161	-1
23	45	17.33870968	38.30645161	0
23	48	34.27419355	33.06451613	0
23	49	43.5483871	28.83064516	0
23	44	10.48387097	44.15322581	0
23	46	30.64516129	34.27419355	0
23	47	46.37096774	26.61290323	0
23	46	7.661290323	49.39516129	-1
23	47	15.32258065	53.42741935	-1
23	48	22.58064516	51.61290323	-1
23	49	37.09677419	43.75	-1
23	44	8.064516129	60.68548387	-1
23	45	10.88709677	60.08064516	-1
23	44	12.90322581	45.76612903	1
23	45	12.5	42.13709677	1
23	49	34.27419355	31.4516129	1
23	47	29.03225806	31.25	1
23	46	16.53225806	39.91935484	1
23	48	43.9516129	30.24193548	1
23	47	6.451612903	56.0483871	-1
23	44	3.225806452	61.29032258	-1
23	46	6.85483871	63.50806452	-1
23	45	9.677419355	58.66935484	-1
23	49	24.19354839	44.15322581	-1
23	48	40.72580645	46.77419355	-1
23	47	19.35483871	38.30645161	0
23	45	10.48387097	43.75	0
23	49	41.12903226	28.83064516	0
23	44	8.870967742	50	0
23	46	27.82258065	38.10483871	0
23	48	46.37096774	28.83064516	0
23	44	10.08064516	49.59677419	1
23	47	22.58064516	37.5	1
23	49	45.56451613	24.59677419	1
23	48	38.70967742	27.62096774	1
23	46	16.12903226	38.10483871	1
23	45	24.19354839	36.29032258	1
23	44	10.08064516	43.34677419	1
23	46	20.96774194	37.09677419	1
23	45	10.48387097	43.75	1
23	48	45.96774194	25.40322581	1
23	47	31.85483871	32.25806452	1
23	49	52.01612903	22.98387097	1
23	46	16.53225806	41.33064516	0
23	45	4.838709677	54.23387097	0
23	47	26.61290323	37.09677419	0
23	44	12.90322581	45.36290323	0
23	48	37.90322581	30.04032258	0
23	49	58.46774194	23.58870968	0
23	47	10.08064516	53.22580645	-1
23	44	9.274193548	68.14516129	-1
23	46	15.32258065	70.76612903	-1
23	45	9.274193548	65.32258065	-1
23	48	31.4516129	43.75	-1
23	49	45.56451613	57.45967742	-1
24	45	10.08064516	44.35483871	1
24	49	31.4516129	40.52419355	1
24	47	20.56451613	43.34677419	1
24	48	35.48387097	36.08870968	1
24	46	12.90322581	44.95967742	1
24	44	5.64516129	49.39516129	1
24	46	8.870967742	49.19354839	0
24	48	9.677419355	46.77419355	0
24	49	22.98387097	41.33064516	0
24	44	4.838709677	50	0
24	47	10.88709677	46.57258065	0
24	45	6.048387097	50	0
24	48	12.90322581	44.75806452	-1
24	46	11.29032258	52.62096774	-1
24	49	13.70967742	46.77419355	-1
24	47	7.258064516	48.99193548	-1
24	45	8.064516129	53.02419355	-1
24	44	5.241935484	54.63709677	-1
24	45	6.85483871	51.41129032	0
24	46	6.451612903	52.41935484	0
24	48	16.53225806	43.14516129	0
24	49	25	41.12903226	0
24	47	16.12903226	44.35483871	0
24	44	3.225806452	50	0
24	45	7.661290323	47.37903226	1
24	47	10.08064516	46.16935484	1
24	48	18.5483871	42.13709677	1
24	44	3.629032258	50	1
24	49	30.24193548	32.86290323	1
24	46	15.72580645	42.74193548	1
24	47	10.48387097	53.02419355	-1
24	48	14.11290323	48.18548387	-1
24	49	18.14516129	42.13709677	-1
24	46	11.69354839	48.79032258	-1
24	45	8.064516129	56.0483871	-1
24	44	4.838709677	53.62903226	-1
24	48	13.30645161	51.41129032	-1
24	45	8.064516129	53.42741935	-1
24	46	9.677419355	54.43548387	-1
24	47	11.69354839	51.00806452	-1
24	49	19.75806452	46.37096774	-1
24	44	5.241935484	52.41935484	-1
24	47	9.677419355	45.36290323	1
24	44	4.435483871	49.59677419	1
24	46	6.85483871	47.37903226	1
24	49	33.46774194	32.66129032	1
24	45	8.064516129	45.96774194	1
24	48	16.93548387	41.93548387	1
24	46	8.870967742	50	0
24	48	16.53225806	43.14516129	0
24	47	15.32258065	45.16129032	0
24	49	23.38709677	42.54032258	0
24	45	6.048387097	51.00806452	0
24	44	2.419354839	51.20967742	0
25	45	2.419354839	56.4516129	-1
25	47	2.822580645	57.05645161	-1
25	46	0	54.83870968	-1
25	48	12.09677419	58.66935484	-1
25	49	16.12903226	55.64516129	-1
25	44	0	63.50806452	-1
25	49	10.88709677	56.25	1
25	47	4.032258065	57.86290323	1
25	48	8.467741935	45.36290323	1
25	45	0	56.65322581	1
25	46	6.451612903	46.77419355	1
25	44	0	56.65322581	1
25	46	0.403225806	62.5	0
25	47	1.209677419	60.88709677	0
25	45	0	62.7016129	0
25	44	0	65.32258065	0
25	49	24.19354839	39.11290323	0
25	48	18.14516129	42.13709677	0
25	49	16.93548387	41.93548387	1
25	45	5.241935484	63.30645161	1
25	47	13.70967742	43.34677419	1
25	48	14.11290323	40.32258065	1
25	44	0	50	1
25	46	11.69354839	45.96774194	1
25	47	4.838709677	63.10483871	-1
25	46	4.032258065	60.08064516	-1
25	44	0	50	-1
25	48	16.93548387	42.94354839	-1
25	45	2.822580645	62.7016129	-1
25	49	12.90322581	43.14516129	-1
25	46	0	65.32258065	0
25	45	0	50	0
25	49	18.5483871	42.13709677	0
25	48	10.08064516	43.9516129	0
25	44	0	62.2983871	0
25	47	3.629032258	59.07258065	0
25	44	0	50	0
25	49	7.661290323	45.36290323	0
25	45	0	61.08870968	0
25	47	4.435483871	46.77419355	0
25	46	5.64516129	57.66129032	0
25	48	11.69354839	43.75	0
25	45	1.612903226	58.87096774	-1
25	49	20.96774194	39.31451613	-1
25	46	9.274193548	45.96774194	-1
25	48	12.90322581	44.55645161	-1
25	47	8.064516129	46.77419355	-1
25	44	0	61.69354839	-1
25	49	17.74193548	38.70967742	1
25	45	0	55.64516129	1
25	44	0	50	1
25	48	15.72580645	40.92741935	1
25	47	12.5	43.5483871	1
25	46	0	54.63709677	1
26	44	2.016129032	50.80645161	-1
26	49	13.30645161	46.77419355	-1
26	46	5.241935484	48.99193548	-1
26	48	5.64516129	48.79032258	-1
26	45	4.838709677	50	-1
26	47	6.048387097	48.99193548	-1
26	49	9.677419355	46.77419355	0
26	44	3.629032258	50	0
26	46	4.838709677	49.19354839	0
26	47	12.09677419	46.77419355	0
26	45	4.838709677	50	0
26	48	20.16129032	44.55645161	0
26	46	5.241935484	49.19354839	1
26	48	18.9516129	43.5483871	1
26	47	14.51612903	46.37096774	1
26	49	27.82258065	40.72580645	1
26	44	6.451612903	50	1
26	45	6.451612903	49.39516129	1
26	46	6.451612903	50	1
26	49	22.98387097	44.75806452	1
26	45	8.467741935	49.19354839	1
26	44	5.241935484	50	1
26	48	24.19354839	42.94354839	1
26	47	20.16129032	45.96774194	1
26	48	14.11290323	44.55645161	0
26	44	5.241935484	51.61290323	0
26	47	12.09677419	48.99193548	0
26	49	18.9516129	45.36290323	0
26	45	7.661290323	50.40322581	0
26	46	11.69354839	48.58870968	0
26	49	30.64516129	42.54032258	-1
26	45	8.064516129	52.21774194	-1
26	46	14.51612903	48.58870968	-1
26	47	15.32258065	46.97580645	-1
26	48	28.62903226	41.33064516	-1
26	44	7.258064516	50	-1
26	46	9.274193548	50	1
26	45	5.241935484	50.80645161	1
26	44	6.451612903	50.60483871	1
26	48	25.40322581	43.14516129	1
26	49	25	42.13709677	1
26	47	13.30645161	47.37903226	1
26	46	8.467741935	51.20967742	-1
26	48	14.11290323	47.58064516	-1
26	47	13.30645161	48.99193548	-1
26	49	26.61290323	42.94354839	-1
26	44	5.241935484	50	-1
26	45	12.09677419	47.98387097	-1
26	44	8.467741935	50.60483871	0
26	46	8.064516129	48.99193548	0
26	45	11.29032258	47.98387097	0
26	47	22.58064516	44.15322581	0
26	49	32.25806452	36.49193548	0
26	48	26.61290323	44.75806452	0
27	49	32.25806452	35.68548387	0
27	47	24.59677419	39.51612903	0
27	45	18.5483871	41.53225806	0
27	46	23.38709677	40.32258065	0
27	48	38.30645161	30.64516129	0
27	44	13.70967742	47.58064516	0
27	48	33.46774194	38.91129032	1
27	46	29.83870968	41.53225806	1
27	47	28.62903226	37.2983871	1
27	49	33.87096774	33.46774194	1
27	44	18.9516129	44.35483871	1
27	45	26.20967742	39.71774194	1
27	47	23.79032258	44.35483871	-1
27	49	31.85483871	41.73387097	-1
27	45	14.51612903	48.38709677	-1
27	46	25	44.95967742	-1
27	48	27.82258065	39.51612903	-1
27	44	20.16129032	56.0483871	-1
27	45	16.53225806	58.87096774	-1
27	49	32.25806452	40.12096774	-1
27	44	10.88709677	57.86290323	-1
27	48	28.62903226	42.33870968	-1
27	47	24.19354839	44.75806452	-1
27	46	23.38709677	43.75	-1
27	45	16.53225806	46.37096774	1
27	44	22.17741935	43.14516129	1
27	46	24.19354839	42.54032258	1
27	48	31.85483871	36.89516129	1
27	47	31.4516129	36.69354839	1
27	49	35.88709677	33.87096774	1
27	44	16.53225806	43.9516129	0
27	49	35.48387097	33.87096774	0
27	46	29.83870968	38.30645161	0
27	48	35.08064516	37.7016129	0
27	47	32.66129032	36.49193548	0
27	45	18.9516129	44.75806452	0
27	46	24.19354839	44.55645161	-1
27	49	34.27419355	33.87096774	-1
27	44	17.33870968	49.39516129	-1
27	45	26.20967742	47.58064516	-1
27	47	30.64516129	41.33064516	-1
27	48	32.66129032	35.88709677	-1
27	47	27.41935484	41.93548387	0
27	44	14.51612903	56.85483871	0
27	48	32.66129032	37.5	0
27	49	37.90322581	31.4516129	0
27	46	28.62903226	42.74193548	0
27	45	17.33870968	43.34677419	0
27	44	10.88709677	48.99193548	1
27	49	35.08064516	30.44354839	1
27	46	21.77419355	43.14516129	1
27	45	19.75806452	43.9516129	1
27	47	27.82258065	36.49193548	1
27	48	39.11290323	29.83870968	1
28	47	4.838709677	50	1
28	44	3.629032258	56.65322581	1
28	46	5.241935484	52.01612903	1
28	49	14.91935484	42.94354839	1
28	45	3.629032258	52.01612903	1
28	48	18.14516129	43.75	1
28	46	3.225806452	60.48387097	-1
28	44	4.838709677	59.87903226	-1
28	45	3.225806452	63.91129032	-1
28	48	27.82258065	57.86290323	-1
28	49	20.96774194	46.77419355	-1
28	47	14.11290323	55.64516129	-1
28	46	6.451612903	55.84677419	0
28	48	12.5	46.97580645	0
28	45	3.629032258	69.95967742	0
28	49	29.43548387	34.07258065	0
28	44	2.419354839	51.41129032	0
28	47	5.64516129	55.04032258	0
28	46	4.032258065	52.41935484	0
28	48	28.22580645	39.51612903	0
28	44	2.419354839	50	0
28	47	20.16129032	37.90322581	0
28	49	48.38709677	29.83870968	0
28	45	2.822580645	48.58870968	0
28	46	1.612903226	53.83064516	-1
28	47	2.822580645	48.38709677	-1
28	48	13.30645161	52.01612903	-1
28	49	21.37096774	42.33870968	-1
28	45	24.19354839	68.14516129	-1
28	44	8.870967742	53.62903226	-1
28	47	35.08064516	42.33870968	1
28	46	20.96774194	43.9516129	1
28	45	3.225806452	50	1
28	48	50	22.78225806	1
28	44	19.75806452	40.52419355	1
28	49	55.64516129	23.79032258	1
28	44	16.12903226	74.19354839	0
28	46	6.048387097	73.58870968	0
28	47	26.20967742	32.25806452	0
28	45	8.064516129	54.23387097	0
28	49	58.06451613	20.36290323	0
28	48	45.56451613	25	0
28	44	6.85483871	40.52419355	1
28	47	18.5483871	37.5	1
28	48	35.48387097	28.22580645	1
28	45	10.88709677	45.36290323	1
28	46	6.048387097	54.83870968	1
28	49	47.98387097	21.97580645	1
28	44	3.225806452	54.83870968	-1
28	49	29.43548387	30.24193548	-1
28	45	4.032258065	51.00806452	-1
28	46	4.435483871	51.00806452	-1
28	48	12.90322581	46.97580645	-1
28	47	6.85483871	47.17741935	-1
29	49	43.9516129	33.66935484	0
29	44	4.032258065	59.27419355	0
29	48	22.98387097	37.2983871	0
29	45	7.661290323	54.63709677	0
29	46	10.88709677	42.74193548	0
29	47	14.91935484	39.31451613	0
29	48	12.90322581	43.14516129	-1
29	45	4.032258065	56.85483871	-1
29	44	7.258064516	72.78225806	-1
29	46	3.629032258	60.68548387	-1
29	49	13.70967742	48.18548387	-1
29	47	8.870967742	53.83064516	-1
29	45	8.467741935	49.39516129	1
29	44	6.85483871	52.82258065	1
29	46	8.467741935	51.41129032	1
29	48	27.01612903	44.35483871	1
29	49	35.48387097	35.08064516	1
29	47	18.5483871	43.14516129	1
29	48	18.5483871	42.13709677	-1
29	44	10.08064516	67.94354839	-1
29	47	12.90322581	51.81451613	-1
29	45	8.064516129	71.37096774	-1
29	46	12.90322581	53.62903226	-1
29	49	27.82258065	41.93548387	-1
29	46	9.274193548	50	0
29	44	8.870967742	65.12096774	0
29	48	25.40322581	45.36290323	0
29	45	10.88709677	55.44354839	0
29	47	23.79032258	45.76612903	0
29	49	26.61290323	41.12903226	0
29	45	8.870967742	50.40322581	1
29	47	16.12903226	45.76612903	1
29	44	10.48387097	66.73387097	1
29	49	34.67741935	38.10483871	1
29	48	18.9516129	42.13709677	1
29	46	13.30645161	45.76612903	1
29	47	11.29032258	47.98387097	1
29	49	35.48387097	37.09677419	1
29	48	32.66129032	40.72580645	1
29	46	20.16129032	45.36290323	1
29	44	8.064516129	55.84677419	1
29	45	10.08064516	50.2016129	1
29	49	21.37096774	42.74193548	0
29	45	11.69354839	55.24193548	0
29	44	6.451612903	69.75806452	0
29	46	10.08064516	50	0
29	48	16.53225806	44.95967742	0
29	47	12.09677419	46.97580645	0
29	48	24.19354839	43.34677419	-1
29	49	29.03225806	43.5483871	-1
29	45	10.08064516	56.85483871	-1
29	47	21.77419355	45.16129032	-1
29	46	16.93548387	46.77419355	-1
29	44	5.64516129	70.96774194	-1
30	45	14.91935484	57.05645161	1
30	46	18.14516129	41.73387097	1
30	47	21.37096774	42.13709677	1
30	44	6.451612903	50	1
30	48	29.43548387	36.08870968	1
30	49	45.16129032	25.60483871	1
30	46	19.35483871	44.55645161	0
30	48	29.03225806	40.12096774	0
30	49	31.4516129	36.49193548	0
30	47	12.5	45.16129032	0
30	45	6.85483871	47.17741935	0
30	44	9.677419355	45.16129032	0
30	49	26.61290323	44.35483871	-1
30	46	9.677419355	52.41935484	-1
30	48	32.25806452	39.51612903	-1
30	45	10.08064516	53.02419355	-1
30	47	25.40322581	45.36290323	-1
30	44	14.51612903	50	-1
30	48	29.43548387	35.08064516	0
30	49	38.70967742	33.46774194	0
30	44	8.870967742	52.62096774	0
30	47	41.12903226	30.44354839	0
30	45	24.59677419	40.52419355	0
30	46	12.90322581	45.56451613	0
30	47	23.38709677	41.12903226	1
30	46	25.80645161	36.49193548	1
30	44	10.08064516	47.17741935	1
30	45	12.90322581	45.36290323	1
30	49	40.72580645	31.65322581	1
30	48	15.72580645	40.92741935	1
30	49	32.66129032	38.30645161	-1
30	44	9.274193548	50	-1
30	47	26.61290323	43.5483871	-1
30	45	6.451612903	51.41129032	-1
30	48	32.25806452	38.30645161	-1
30	46	30.24193548	40.72580645	-1
30	49	35.48387097	37.7016129	-1
30	47	8.870967742	50	-1
30	48	37.90322581	37.09677419	-1
30	44	7.258064516	54.03225806	-1
30	46	17.74193548	46.16935484	-1
30	45	36.29032258	39.91935484	-1
30	47	14.91935484	44.15322581	1
30	45	11.69354839	46.57258065	1
30	48	31.0483871	37.09677419	1
30	44	5.64516129	50	1
30	46	31.0483871	41.93548387	1
30	49	41.93548387	34.07258065	1
30	45	8.064516129	48.58870968	0
30	47	15.72580645	44.75806452	0
30	48	32.25806452	40.32258065	0
30	49	41.53225806	34.47580645	0
30	44	5.241935484	53.42741935	0
30	46	16.93548387	47.78225806	0
31	48	11.69354839	45.16129032	-1
31	49	9.274193548	43.9516129	-1
31	45	4.032258065	48.79032258	-1
31	44	5.241935484	48.18548387	-1
31	46	7.258064516	47.78225806	-1
31	47	3.629032258	49.39516129	-1
31	44	3.225806452	48.79032258	1
31	48	13.30645161	45.36290323	1
31	46	2.419354839	47.37903226	1
31	45	7.258064516	44.35483871	1
31	49	17.74193548	40.32258065	1
31	47	8.064516129	44.95967742	1
31	45	2.419354839	50	0
31	46	2.419354839	49.59677419	0
31	48	4.435483871	48.99193548	0
31	47	4.435483871	48.79032258	0
31	44	0.806451613	50.60483871	0
31	49	10.48387097	45.56451613	0
31	48	8.064516129	44.55645161	1
31	47	8.870967742	44.35483871	1
31	45	8.064516129	45.56451613	1
31	46	9.677419355	42.74193548	1
31	49	18.14516129	36.08870968	1
31	44	7.661290323	47.58064516	1
31	45	3.629032258	51.61290323	-1
31	44	2.822580645	53.22580645	-1
31	46	2.822580645	52.82258065	-1
31	47	6.85483871	48.38709677	-1
31	48	5.64516129	45.76612903	-1
31	49	7.661290323	47.98387097	-1
31	44	1.612903226	52.21774194	0
31	47	4.435483871	49.19354839	0
31	46	2.016129032	51.81451613	0
31	48	4.838709677	46.77419355	0
31	49	10.08064516	43.5483871	0
31	45	4.032258065	51.81451613	0
31	47	4.435483871	48.58870968	0
31	45	3.225806452	52.21774194	0
31	48	6.048387097	48.58870968	0
31	46	6.048387097	50.80645161	0
31	44	4.032258065	54.23387097	0
31	49	14.11290323	40.72580645	0
31	46	0.806451613	57.66129032	-1
31	48	6.451612903	48.99193548	-1
31	45	1.612903226	56.65322581	-1
31	47	7.661290323	48.58870968	-1
31	44	3.629032258	53.83064516	-1
31	49	10.48387097	45.36290323	-1
31	48	5.241935484	47.37903226	1
31	47	4.032258065	48.99193548	1
31	44	2.016129032	48.38709677	1
31	49	14.11290323	41.73387097	1
31	45	3.629032258	47.98387097	1
31	46	7.661290323	43.5483871	1
32	46	3.225806452	61.49193548	-1
32	44	2.419354839	64.11290323	-1
32	48	6.048387097	48.38709677	-1
32	45	2.419354839	62.2983871	-1
32	49	7.258064516	48.99193548	-1
32	47	1.209677419	51.81451613	-1
32	48	4.032258065	49.7983871	0
32	49	9.677419355	48.38709677	0
32	47	4.435483871	50	0
32	44	0	50	0
32	45	2.419354839	50	0
32	46	3.225806452	50	0
32	49	32.25806452	41.33064516	1
32	44	6.85483871	47.58064516	1
32	46	8.467741935	46.37096774	1
32	48	7.661290323	47.98387097	1
32	45	4.032258065	48.79032258	1
32	47	27.41935484	39.11290323	1
32	46	2.419354839	50	1
32	44	1.209677419	51.41129032	1
32	47	5.241935484	50	1
32	45	1.209677419	53.02419355	1
32	49	31.0483871	35.68548387	1
32	48	19.35483871	43.14516129	1
32	49	8.870967742	50	0
32	45	2.016129032	53.83064516	0
32	47	4.032258065	49.59677419	0
32	46	1.612903226	50	0
32	48	10.48387097	47.78225806	0
32	44	1.612903226	50.40322581	0
32	48	4.838709677	51.41129032	-1
32	44	2.419354839	56.4516129	-1
32	46	5.241935484	54.23387097	-1
32	49	13.70967742	47.58064516	-1
32	45	3.629032258	55.64516129	-1
32	47	7.661290323	51.20967742	-1
32	45	5.64516129	50	1
32	44	4.032258065	49.7983871	1
32	49	28.62903226	40.92741935	1
32	47	12.90322581	47.58064516	1
32	46	3.225806452	50	1
32	48	20.16129032	43.34677419	1
32	44	0.806451613	53.83064516	-1
32	47	6.451612903	61.29032258	-1
32	46	2.016129032	59.27419355	-1
32	49	13.70967742	47.58064516	-1
32	48	10.08064516	48.58870968	-1
32	45	2.822580645	53.22580645	-1
32	44	4.032258065	54.23387097	0
32	45	6.451612903	53.42741935	0
32	49	26.61290323	41.93548387	0
32	47	10.48387097	46.77419355	0
32	48	12.90322581	49.19354839	0
32	46	6.048387097	50	0
33	46	11.29032258	48.58870968	0
33	45	7.258064516	52.82258065	0
33	47	11.69354839	46.16935484	0
33	48	11.29032258	46.37096774	0
33	49	11.69354839	45.76612903	0
33	44	4.032258065	50	0
33	46	23.79032258	45.36290323	1
33	47	13.30645161	48.58870968	1
33	45	5.241935484	50	1
33	49	19.35483871	40.12096774	1
33	48	16.93548387	40.52419355	1
33	44	5.64516129	46.97580645	1
33	47	5.241935484	48.38709677	-1
33	44	0	50	-1
33	48	6.048387097	45.96774194	-1
33	49	0	50	-1
33	46	0	49.39516129	-1
33	45	0	50	-1
33	47	12.90322581	52.82258065	-1
33	49	8.467741935	50.80645161	-1
33	48	0	50	-1
33	44	13.30645161	57.66129032	-1
33	46	14.91935484	56.65322581	-1
33	45	0	50	-1
33	46	0	50	1
33	47	11.29032258	45.56451613	1
33	49	22.58064516	42.94354839	1
33	44	4.032258065	50	1
33	48	8.870967742	46.57258065	1
33	45	0	50.2016129	1
33	48	17.33870968	38.10483871	0
33	46	8.467741935	45.56451613	0
33	49	24.19354839	35.08064516	0
33	45	0	50	0
33	47	12.90322581	44.15322581	0
33	44	8.870967742	52.41935484	0
33	47	0	50	-1
33	49	6.048387097	48.18548387	-1
33	48	6.85483871	53.22580645	-1
33	44	7.258064516	53.02419355	-1
33	46	11.29032258	53.83064516	-1
33	45	12.09677419	55.24193548	-1
33	49	8.064516129	43.5483871	0
33	46	7.258064516	46.16935484	0
33	47	0.403225806	50	0
33	44	0	50	0
33	48	6.85483871	45.56451613	0
33	45	3.225806452	47.78225806	0
33	46	6.451612903	47.17741935	1
33	47	8.870967742	45.96774194	1
33	45	0	50	1
33	44	0	50	1
33	48	14.91935484	43.9516129	1
33	49	8.870967742	45.16129032	1
34	45	16.93548387	41.12903226	1
34	49	45.16129032	25	1
34	44	26.20967742	37.5	1
34	46	25.40322581	37.09677419	1
34	48	37.5	27.21774194	1
34	47	35.88709677	25.2016129	1
34	49	31.0483871	28.02419355	-1
34	46	8.064516129	44.35483871	-1
34	45	8.870967742	45.16129032	-1
34	44	10.48387097	44.35483871	-1
34	48	30.24193548	35.88709677	-1
34	47	19.75806452	38.70967742	-1
34	49	36.69354839	22.58064516	0
34	47	28.62903226	31.4516129	0
34	44	8.064516129	55.84677419	0
34	46	15.32258065	50	0
34	48	34.67741935	27.82258065	0
34	45	8.467741935	52.41935484	0
34	44	3.629032258	52.82258065	0
34	46	6.451612903	50	0
34	47	28.22580645	32.86290323	0
34	49	43.5483871	26.41129032	0
34	48	32.66129032	32.25806452	0
34	45	8.064516129	42.94354839	0
34	48	23.79032258	35.88709677	-1
34	44	5.64516129	50.2016129	-1
34	47	22.17741935	38.50806452	-1
34	49	38.70967742	29.43548387	-1
34	45	9.677419355	46.97580645	-1
34	46	22.98387097	37.09677419	-1
34	48	31.4516129	27.82258065	1
34	46	22.58064516	37.7016129	1
34	47	21.37096774	40.52419355	1
34	49	39.91935484	26.20967742	1
34	45	14.11290323	41.93548387	1
34	44	7.661290323	47.98387097	1
34	46	18.9516129	45.36290323	0
34	47	27.01612903	38.30645161	0
34	49	43.5483871	30.84677419	0
34	48	36.69354839	32.25806452	0
34	45	7.661290323	50	0
34	44	5.241935484	50	0
34	46	11.29032258	45.76612903	1
34	47	22.17741935	38.30645161	1
34	45	17.33870968	41.93548387	1
34	44	15.72580645	42.33870968	1
34	49	37.09677419	32.05645161	1
34	48	41.12903226	30.24193548	1
34	49	38.70967742	32.25806452	-1
34	48	27.82258065	37.2983871	-1
34	45	5.64516129	46.16935484	-1
34	44	4.838709677	49.7983871	-1
34	46	25	38.30645161	-1
34	47	29.03225806	36.69354839	-1
35	49	69.35483871	29.83870968	0
35	48	30.64516129	37.5	0
35	45	8.870967742	44.35483871	0
35	44	6.451612903	45.36290323	0
35	47	20.56451613	35.88709677	0
35	46	16.12903226	35.88709677	0
35	48	21.77419355	37.2983871	-1
35	47	32.25806452	39.11290323	-1
35	49	39.51612903	23.58870968	-1
35	44	6.85483871	46.57258065	-1
35	46	19.35483871	40.72580645	-1
35	45	11.29032258	43.14516129	-1
35	48	37.90322581	27.41935484	1
35	46	39.51612903	29.03225806	1
35	47	43.9516129	23.99193548	1
35	44	20.56451613	37.09677419	1
35	49	39.51612903	26.41129032	1
35	45	31.0483871	33.66935484	1
35	46	12.5	42.13709677	-1
35	44	11.29032258	41.93548387	-1
35	45	10.48387097	40.72580645	-1
35	48	22.98387097	32.05645161	-1
35	47	14.91935484	39.11290323	-1
35	49	39.51612903	26.00806452	-1
35	45	10.48387097	41.12903226	0
35	49	45.96774194	30.84677419	0
35	47	45.16129032	28.02419355	0
35	44	7.661290323	45.56451613	0
35	48	39.51612903	27.62096774	0
35	46	21.37096774	39.91935484	0
35	49	46.37096774	19.95967742	1
35	47	50	24.7983871	1
35	48	44.75806452	24.59677419	1
35	44	10.08064516	44.15322581	1
35	45	31.4516129	31.0483871	1
35	46	33.06451613	29.63709677	1
35	49	39.51612903	25	1
35	47	27.41935484	31.4516129	1
35	45	0	49.7983871	1
35	46	19.75806452	37.2983871	1
35	44	5.64516129	43.5483871	1
35	48	33.87096774	33.46774194	1
35	45	11.69354839	42.74193548	0
35	47	32.66129032	29.03225806	0
35	48	42.33870968	24.39516129	0
35	46	17.74193548	37.90322581	0
35	44	4.435483871	44.55645161	0
35	49	43.5483871	21.16935484	0
35	44	4.435483871	46.77419355	-1
35	46	10.48387097	42.13709677	-1
35	48	26.61290323	32.25806452	-1
35	49	48.38709677	19.95967742	-1
35	45	6.85483871	45.96774194	-1
35	47	15.72580645	34.27419355	-1
36	44	18.9516129	41.73387097	1
36	47	22.17741935	40.32258065	1
36	48	29.43548387	34.87903226	1
36	45	23.38709677	38.50806452	1
36	49	36.69354839	29.43548387	1
36	46	33.06451613	33.87096774	1
36	44	18.14516129	49.19354839	0
36	49	27.01612903	38.10483871	0
36	46	18.9516129	41.53225806	0
36	48	29.03225806	36.29032258	0
36	45	15.72580645	41.33064516	0
36	47	22.98387097	36.08870968	0
36	45	19.75806452	50	-1
36	48	28.22580645	39.91935484	-1
36	44	21.77419355	52.62096774	-1
36	49	28.22580645	36.89516129	-1
36	46	18.14516129	39.91935484	-1
36	47	25	36.69354839	-1
36	44	9.677419355	50	0
36	45	18.9516129	44.55645161	0
36	46	14.91935484	43.5483871	0
36	49	31.0483871	31.4516129	0
36	47	21.77419355	36.29032258	0
36	48	30.24193548	33.46774194	0
36	46	10.88709677	46.77419355	1
36	47	17.74193548	41.73387097	1
36	44	12.5	43.5483871	1
36	49	31.0483871	32.66129032	1
36	45	21.37096774	39.31451613	1
36	48	28.22580645	34.27419355	1
36	45	16.12903226	50	-1
36	46	23.38709677	39.71774194	-1
36	48	38.30645161	31.85483871	-1
36	49	37.09677419	34.47580645	-1
36	47	27.82258065	37.90322581	-1
36	44	12.5	42.94354839	-1
36	45	7.661290323	49.59677419	-1
36	47	20.56451613	42.13709677	-1
36	46	27.41935484	35.68548387	-1
36	48	30.64516129	33.66935484	-1
36	49	31.4516129	38.10483871	-1
36	44	10.48387097	47.78225806	-1
36	47	19.75806452	42.54032258	1
36	45	16.53225806	42.33870968	1
36	44	13.70967742	42.33870968	1
36	49	38.70967742	32.66129032	1
36	48	28.62903226	33.66935484	1
36	46	12.90322581	39.51612903	1
36	44	18.5483871	45.56451613	0
36	47	20.56451613	38.10483871	0
36	46	20.56451613	41.33064516	0
36	48	32.25806452	35.28225806	0
36	45	12.90322581	44.55645161	0
36	49	34.27419355	34.27419355	0
37	45	3.629032258	51.61290323	-1
37	44	4.032258065	52.21774194	-1
37	49	18.5483871	43.9516129	-1
37	47	15.32258065	47.37903226	-1
37	46	6.451612903	49.59677419	-1
37	48	9.274193548	50	-1
37	44	4.838709677	50	1
37	45	3.629032258	51.61290323	1
37	46	5.64516129	50	1
37	47	12.5	48.18548387	1
37	49	22.17741935	44.15322581	1
37	48	22.98387097	42.33870968	1
37	46	6.048387097	53.42741935	0
37	45	4.838709677	55.44354839	0
37	48	34.67741935	43.75	0
37	47	22.98387097	45.76612903	0
37	44	2.822580645	53.42741935	0
37	49	42.33870968	38.91129032	0
37	47	14.91935484	48.38709677	1
37	48	18.5483871	46.97580645	1
37	49	33.06451613	37.2983871	1
37	44	0	50.80645161	1
37	46	3.629032258	50	1
37	45	6.85483871	49.59677419	1
37	44	2.419354839	53.83064516	-1
37	49	16.93548387	47.98387097	-1
37	45	0.806451613	51.61290323	-1
37	47	9.274193548	50	-1
37	48	13.30645161	47.98387097	-1
37	46	6.85483871	50	-1
37	49	37.5	38.70967742	0
37	47	10.88709677	49.39516129	0
37	45	2.822580645	51.41129032	0
37	46	3.225806452	50.80645161	0
37	48	35.08064516	42.74193548	0
37	44	0.806451613	51.20967742	0
37	45	3.629032258	51.20967742	0
37	46	1.209677419	51.00806452	0
37	47	5.241935484	50	0
37	49	10.08064516	48.38709677	0
37	44	0	50.60483871	0
37	48	18.14516129	48.79032258	0
37	45	0	50	-1
37	48	16.93548387	47.37903226	-1
37	44	0	50	-1
37	46	13.70967742	49.39516129	-1
37	49	33.46774194	46.77419355	-1
37	47	19.75806452	49.19354839	-1
37	44	8.870967742	50	1
37	47	13.70967742	46.37096774	1
37	49	44.75806452	44.55645161	1
37	45	11.69354839	49.59677419	1
37	46	12.09677419	49.7983871	1
37	48	33.46774194	41.12903226	1
38	46	5.64516129	51.00806452	-1
38	44	5.241935484	58.46774194	-1
38	48	10.48387097	45.76612903	-1
38	49	10.48387097	45.56451613	-1
38	47	9.677419355	47.17741935	-1
38	45	7.661290323	50	-1
38	48	15.72580645	46.97580645	0
38	49	16.53225806	44.15322581	0
38	46	10.88709677	45.56451613	0
38	44	6.85483871	50	0
38	47	10.88709677	45.96774194	0
38	45	10.48387097	47.37903226	0
38	49	16.12903226	44.75806452	1
38	48	12.90322581	46.77419355	1
38	46	9.677419355	46.77419355	1
38	44	6.451612903	49.19354839	1
38	47	10.08064516	46.77419355	1
38	45	8.467741935	47.78225806	1
38	48	14.11290323	46.16935484	1
38	45	6.048387097	49.39516129	1
38	44	6.85483871	49.7983871	1
38	46	8.467741935	46.97580645	1
38	49	18.5483871	45.16129032	1
38	47	13.70967742	47.37903226	1
38	48	14.51612903	45.76612903	0
38	45	14.51612903	46.57258065	0
38	49	17.74193548	41.53225806	0
38	44	8.870967742	48.38709677	0
38	47	12.90322581	43.75	0
38	46	9.274193548	44.75806452	0
38	49	13.70967742	44.15322581	-1
38	44	6.048387097	48.79032258	-1
38	46	8.870967742	47.78225806	-1
38	48	10.48387097	45.16129032	-1
38	45	8.064516129	46.97580645	-1
38	47	13.70967742	43.34677419	-1
38	44	7.661290323	47.98387097	1
38	49	19.35483871	43.34677419	1
38	47	10.08064516	44.75806452	1
38	45	5.64516129	48.79032258	1
38	48	14.51612903	44.15322581	1
38	46	5.64516129	47.78225806	1
38	47	6.85483871	45.76612903	-1
38	44	5.241935484	44.35483871	-1
38	48	10.08064516	44.15322581	-1
38	46	10.08064516	44.75806452	-1
38	49	14.51612903	43.34677419	-1
38	45	7.661290323	45.16129032	-1
38	49	17.33870968	42.13709677	0
38	45	7.661290323	49.19354839	0
38	44	5.241935484	48.99193548	0
38	47	9.274193548	47.37903226	0
38	46	5.241935484	47.37903226	0
38	48	13.70967742	43.5483871	0
39	47	28.22580645	45.36290323	0
39	46	10.08064516	47.78225806	0
39	48	32.66129032	39.31451613	0
39	44	11.69354839	55.64516129	0
39	45	18.14516129	48.18548387	0
39	49	42.33870968	27.41935484	0
39	48	42.33870968	30.04032258	1
39	44	18.5483871	60.28225806	1
39	49	44.35483871	30.24193548	1
39	46	40.32258065	35.88709677	1
39	45	17.74193548	38.30645161	1
39	47	28.62903226	32.86290323	1
39	48	33.06451613	44.15322581	-1
39	46	18.9516129	52.01612903	-1
39	47	21.37096774	44.15322581	-1
39	44	16.12903226	56.85483871	-1
39	49	41.93548387	38.30645161	-1
39	45	1.612903226	49.59677419	-1
39	44	0.806451613	50	-1
39	48	30.64516129	45.16129032	-1
39	47	26.61290323	43.9516129	-1
39	46	4.435483871	51.81451613	-1
39	49	35.88709677	44.75806452	-1
39	45	29.43548387	62.5	-1
39	47	16.93548387	47.37903226	1
39	46	24.19354839	48.18548387	1
39	45	14.11290323	56.25	1
39	44	9.677419355	59.67741935	1
39	49	43.5483871	35.28225806	1
39	48	27.82258065	36.49193548	1
39	49	37.09677419	37.2983871	0
39	47	18.9516129	41.93548387	0
39	44	14.51612903	55.44354839	0
39	46	25	43.9516129	0
39	48	37.5	35.48387097	0
39	45	13.30645161	54.63709677	0
39	44	7.661290323	54.43548387	-1
39	47	16.53225806	51.41129032	-1
39	46	25	47.58064516	-1
39	48	23.38709677	42.74193548	-1
39	49	50	28.83064516	-1
39	45	13.30645161	50	-1
39	49	33.87096774	37.7016129	0
39	47	20.96774194	42.33870968	0
39	44	10.48387097	53.22580645	0
39	46	12.90322581	51.81451613	0
39	45	9.274193548	51.41129032	0
39	48	38.70967742	33.87096774	0
39	46	14.51612903	45.76612903	1
39	47	26.20967742	32.25806452	1
39	45	26.20967742	53.42741935	1
39	49	43.14516129	36.49193548	1
39	48	37.09677419	36.89516129	1
39	44	16.12903226	51.41129032	1
40	45	4.838709677	53.22580645	1
40	46	4.838709677	49.7983871	1
40	47	12.09677419	47.58064516	1
40	48	21.77419355	43.14516129	1
40	44	4.435483871	49.7983871	1
40	49	24.59677419	43.9516129	1
40	48	12.09677419	48.38709677	-1
40	49	11.29032258	44.95967742	-1
40	44	5.64516129	52.21774194	-1
40	45	4.032258065	50	-1
40	46	10.88709677	47.58064516	-1
40	47	15.72580645	43.75	-1
40	45	4.435483871	51.00806452	0
40	46	5.64516129	48.99193548	0
40	44	0	50	0
40	49	18.14516129	38.70967742	0
40	47	13.30645161	42.74193548	0
40	48	26.61290323	43.34677419	0
40	49	22.98387097	42.94354839	0
40	44	5.64516129	50	0
40	47	11.69354839	46.77419355	0
40	46	9.274193548	47.98387097	0
40	48	19.35483871	43.5483871	0
40	45	6.048387097	49.39516129	0
40	46	5.64516129	49.7983871	-1
40	48	13.70967742	46.77419355	-1
40	45	4.435483871	50.2016129	-1
40	44	2.822580645	54.23387097	-1
40	47	18.9516129	45.96774194	-1
40	49	23.38709677	41.12903226	-1
40	46	18.5483871	48.18548387	1
40	49	23.79032258	36.69354839	1
40	48	22.98387097	43.14516129	1
40	44	4.032258065	50	1
40	47	15.72580645	47.58064516	1
40	45	4.435483871	47.17741935	1
40	49	20.56451613	40.52419355	0
40	44	4.032258065	49.39516129	0
40	46	9.274193548	47.37903226	0
40	47	10.08064516	45.56451613	0
40	48	21.37096774	40.52419355	0
40	45	3.225806452	49.7983871	0
40	48	18.14516129	44.75806452	1
40	46	9.677419355	44.35483871	1
40	49	25.80645161	39.51612903	1
40	47	9.677419355	44.75806452	1
40	44	3.225806452	49.7983871	1
40	45	5.64516129	48.79032258	1
40	47	14.91935484	45.56451613	-1
40	46	9.677419355	48.18548387	-1
40	44	3.629032258	52.41935484	-1
40	45	5.64516129	49.59677419	-1
40	49	18.9516129	44.15322581	-1
40	48	8.870967742	44.95967742	-1
41	46	12.5	58.06451613	0
41	49	35.08064516	39.71774194	0
41	44	6.85483871	50.80645161	0
41	47	22.58064516	46.57258065	0
41	48	35.48387097	40.72580645	0
41	45	12.09677419	48.79032258	0
41	49	20.56451613	45.56451613	-1
41	48	16.93548387	47.78225806	-1
41	47	4.838709677	50	-1
41	46	14.91935484	54.43548387	-1
41	44	7.661290323	56.85483871	-1
41	45	6.85483871	50	-1
41	49	31.85483871	44.55645161	1
41	46	6.85483871	50	1
41	45	1.612903226	57.66129032	1
41	44	0	50	1
41	47	16.53225806	45.16129032	1
41	48	25.40322581	41.93548387	1
41	46	5.241935484	54.63709677	-1
41	44	0	50	-1
41	49	27.82258065	45.96774194	-1
41	47	8.467741935	48.99193548	-1
41	45	0	57.25806452	-1
41	48	18.14516129	46.37096774	-1
41	47	8.870967742	46.77419355	0
41	46	3.225806452	52.82258065	0
41	49	29.03225806	39.91935484	0
41	44	6.048387097	48.99193548	0
41	48	30.24193548	40.52419355	0
41	45	5.64516129	50	0
41	49	31.85483871	40.72580645	1
41	46	2.419354839	47.78225806	1
41	44	0	50	1
41	45	2.419354839	49.19354839	1
41	47	16.53225806	45.56451613	1
41	48	16.93548387	44.55645161	1
41	46	2.016129032	50	1
41	44	2.419354839	48.99193548	1
41	49	22.17741935	42.13709677	1
41	47	6.048387097	47.78225806	1
41	48	21.37096774	40.52419355	1
41	45	1.612903226	50	1
41	46	0	50	0
41	44	0	50	0
41	48	8.870967742	48.58870968	0
41	45	2.016129032	49.19354839	0
41	49	20.56451613	42.13709677	0
41	47	0	50	0
41	49	17.33870968	43.34677419	-1
41	45	0	50	-1
41	44	5.64516129	50	-1
41	46	13.70967742	50	-1
41	48	13.30645161	47.98387097	-1
41	47	2.822580645	50	-1
